id,name
1,가엘 가르시아 베르날
2,갈소원
3,감우성
4,강동원
5,강성연
6,강성진
7,강소라
8,강신일
9,강예원
10,강지환
11,강하나
12,강하늘
13,강혜정
14,갤 가돗
15,게리 올드만
16,견미리
17,고두심
18,고수
19,고창석
20,공유
21,공효진
22,곽도원
23,권상우
24,권오중
25,귈림 리
26,금성무
27,기네스 팰트로
28,김갑수
29,김강우
30,김규리
31,김남길
32,김남주
33,김다미
34,김대명
35,김동완
36,김동욱
37,김래원
38,김명민
39,김무열
40,김미숙
41,김민정
42,김민준
43,김민희
44,김상경
45,김상중
46,김상호
47,김새론
48,김선아
49,김성균
50,김수로
51,김수미
52,김수현
53,김아중
54,김영광
55,김영애
56,김영철
57,김영호
58,김옥빈
59,김우빈
60,김원희
61,김윤석
62,김윤진
63,김인권
64,김인우
65,김정은
66,김정태
67,김주혁
68,김주현
69,김지석
70,김지원
71,김태리
72,김하늘
73,김해숙
74,김향기
75,김현수
76,김혜수
77,김혜자
78,나문희
79,나영희
80,나오미 왓츠
81,나카무라 시도
82,나탈리 포트만
83,남궁민
84,남상미
85,남주혁
86,노무현
87,니콜 키드먼
88,니콜라 펠츠
89,니콜라스 케이지
90,니콜라스 홀트
91,닐 세티
92,다니엘 래드클리프
93,다니엘 레드클리프
94,다니엘 칼루야
95,다니엘 크레이그
96,다니엘 헤니
97,다이앤 크루거
98,다케우치 유코
99,다케이 아카시
100,다코타 고요
101,더스틴 호프만
102,데니스 퀘이드
103,데니스 퀘이크
104,데브라 메싱
105,데이브 바티스타
106,데이빗 스트라탄
107,데이지 리들리
108,도널 글리슨
109,도지한
110,돈 치들
111,드웨인 존슨
112,디오
113,딜런 오브라이언
114,라미 말렉
115,라미란
116,라이언 고슬링
117,라이언 레이놀즈
118,라이언 포터
119,러셀 크로우
120,레슬리 하워드
121,레아 세이두
122,레오나르도 디카프리오
123,레이첼 맥아담스
124,레이첼 맥아덤즈
125,레이첼 하우스
126,레이프 파인즈
127,로건 레먼
128,로드리고 산토로
129,로라 하드독
130,로렌스 피시번
131,로버트 다우니 주니어
132,로버트 드 니로
133,로버트 패틴슨
134,로비 벤슨
135,로사 살라자르
136,로자먼드 파이크
137,로지 헌팅턴 휘틀리
138,루시 보인턴
139,루이스 C.K.
140,루퍼트 그린트
141,류덕환
142,류승룡
143,류승범
144,류준열
145,리스 이판
146,리아나
147,리암 니슨
148,리즈 위더스푼
149,리처드 아미티지
150,릴리 제임스
151,마고 로비
152,마동석
153,마리아 벨로
154,마이크 마이어스
155,마이클 더글라스
156,마이클 리스폴리
157,마이클 케인
158,마이클 키튼
159,마이클 패스벤더
160,마이클 페나
161,마크 라이런스
162,마크 러팔로
163,마크 월버그
164,마티유 아말릭
165,마틴 프리먼
166,매기 그레이스
167,매튜 구드
168,매튜 맥커너히
169,맷 데이먼
170,맷 월쉬
171,메간 폭스
172,메릴 스트립
173,모건 프리먼
174,문근영
175,문소리
176,문정희
177,문채원
178,미레유 에노스
179,미셀 도커리
180,미셸 모나한
181,미셸 윌리엄스
182,민디 캘링
183,박건형
184,박기웅
185,박민하
186,박보영
187,박서준
188,박성웅
189,박솔미
190,박시후
191,박신양
192,박신혜
193,박용우
194,박원상
195,박인환
196,박정민
197,박중훈
198,박지현
199,박한별
200,박해일
201,박희순
202,배두나
203,배성우
204,배용준
205,백윤식
206,뱅상 카셀
207,베네딕트 컴버배치
208,베라 파미가
209,벤 멘델슨
210,벤 스틸러
211,벤 애플렉
212,벤 킹슬리
213,벤자민 브랫
214,변희봉
215,봉태규
216,브라이스 달라스 하워드
217,브라이언 크로즈
218,브래드 피트
219,브래드리 휘트포드
220,브랜든 라우스
221,브렌든 프레이저
222,브루스 그린우드
223,브루스 윌리스
224,브리 라슨
225,브리짓 모이나한
226,비고 모텐슨
227,비비안 리
228,빅토리아
229,빈 디젤
230,빌 머레이
231,빌 팩스톤
232,사라 실버맨
233,사라 웨인 콜리스
234,사무엘 L. 잭슨
235,사이먼 페그
236,산드라 블록
237,샘 워싱턴
238,샤를리즈 테론
239,샤이아 라보프
240,샤키라
241,서기
242,설경구
243,설리반 스탭플턴
244,설현
245,성동일
246,성룡
247,성지루
248,세바스찬 스탠
249,셀마 헤이엑
250,소지섭
251,소피아 부텔라
252,손병호
253,손숙
254,손예진
255,손현주
256,송강호
257,송선미
258,송영창
259,송윤아
260,송일국
261,송중기
262,송지효
263,숀 애스틴
264,수애
265,스칼렛 요한슨
266,스캔다 케인즈
267,스콧 애짓
268,스콧 이스트우드
269,스탠리 투치
270,스테파니 시그만
271,스티브 잔
272,스티브 카렐
273,시고니 위버
274,신민아
275,신세경
276,신은경
277,신정근
278,신하균
279,신현준
280,심은경
281,심형래
282,아놀드 슈왈제네거
283,아론 에크하트
284,아만다 브룩스
285,아만다 사이프리드
286,아만다 피트
287,아메리카 페레라
288,아우이 크라발호
289,안성기
290,안소니 곤잘레스
291,안소니 홉킨스
292,안야 테일러 조이
293,안재홍
294,안젤리나 졸리
295,안토니오 반데라스
296,안톤 옐친
297,알렉 볼드윈
298,알렉산드라 다드다리오
299,알리시아 비칸데르
300,애나벨 월리스
301,애덤 리바인
302,애드리언 브로디
303,앤 맥다니엘스
304,앤 해서웨이
305,앤드류 가필드
306,앤디 서키스
307,앨리슨 윌리암스
308,앨리시아 벨라 베일리
309,앨버트 브룩스
310,앰버 허드
311,양동근
312,양조위
313,엄정화
314,엄지원
315,엄태웅
316,에드 오닐
317,에드 해리스
318,에디 레드메인
319,에디 머피
320,에릭 바나
321,에릭 스톤스트릿
322,에미 로섬
323,에밀리 블런트
324,에밀리아 클라크
325,에바 그린
326,에반젤린 릴리
327,에이미 아담스
328,에이미 포엘러
329,에이사 버터필드
330,엘런 드제너러스
331,엠마 스톤
332,엠마 왓슨
333,여진구
334,염정아
335,오다기리 죠
336,오달수
337,오마 사이
338,오미희
339,오스카 아이삭
340,오아연
341,오웬 윌슨
342,오지호
343,올가 쿠릴렌코
344,올랜도 블룸
345,올리비아 쿡
346,와타나베 켄
347,왕석현
348,우디 해럴슨
349,우마 서먼
350,원빈
351,위하준
352,윌 스미스
353,윌리암 모즐리
354,유동근
355,유선
356,유승호
357,유아인
358,유연석
359,유오성
360,유준상
361,유지태
362,유청운
363,유해진
364,유호정
365,윤계상
366,윤소이
367,윤여정
368,윤진서
369,이경영
370,이광수
371,이나영
372,이디나 멘젤
373,이레
374,이문수
375,이문식
376,이미숙
377,이미연
378,이민기
379,이민정
380,이민호
381,이범수
382,이병헌
383,이서진
384,이선균
385,이성민
386,이성재
387,이세영
388,이순재
389,이승기
390,이안 맥켈런
391,이안 홈
392,이연걸
393,이연희
394,이영애
395,이영은
396,이완 맥그리거
397,이요원
398,이은주
399,이재응
400,이재인
401,이정재
402,이정진
403,이제훈
404,이종석
405,이종혁
406,이준
407,이진욱
408,이청아
409,이하나
410,이하늬
411,이현우
412,일라이저 우드
413,임수정
414,임슬옹
415,임원희
416,임은경
417,임창정
418,임하룡
419,자레드 레토
420,자흐 갈리피아나키스
421,장동건
422,장만옥
423,장서희
424,장진영
425,장풍의
426,장항선
427,장혁
428,재지 비츠
429,잭 레이너
430,잭 블랙
431,저스틴 바사
432,전도연
433,전미선
434,전지현
435,전혜진
436,정경호
437,정우
438,정우성
439,정웅인
440,정유미
441,정은채
442,정재영
443,정준호
444,정진영
445,제니퍼 로렌스
446,제니퍼 코넬리
447,제라드 버틀러
448,제레미 레너
449,제시 아이젠버그
450,제시카 차스테인
451,제이 바루첼
452,제이미 벨
453,제이슨 모모아
454,제이슨 베어
455,제이슨 베이트먼
456,제이슨 세걸
457,제이슨 클락
458,제이크 질렌할
459,제인 린치
460,제임스 마스던
461,제임스 맥어보이
462,제임스 카비젤
463,제임스 프랭코
464,제프 브리지스
465,제프리 러쉬
466,젬마 아터튼
467,조 샐다나
468,조나단 리스 마이어스
469,조니 뎁
470,조민수
471,조성하
472,조셉 고든 레빗
473,조쉬 더하멜
474,조슈 브롤린
475,조승우
476,조안
477,조여정
478,조우진
479,조윤희
480,조은지
481,조인성
482,조재현
483,조정석
484,조지 클루니
485,조지 헨리
486,조진웅
487,조한선
488,존 보예가
489,존 조
490,존 쿠삭
491,존 C. 라일리
492,주드 로
493,주디 덴치
494,주지훈
495,주진모
496,주현
497,준호
498,줄리아 스타일스
499,줄리안 무어
500,지니퍼 굿윈
501,지성
502,지창욱
503,진경
504,진구
505,진선규
506,진세연
507,진영
508,진해로
509,차승원
510,차인표
511,차태현
512,채닝 테이텀
513,채드윅 보스만
514,천호진
515,최강희
516,최다니엘
517,최리
518,최민식
519,최성국
520,최희서
521,치웨텔 에지오포
522,카메론 디아즈
523,카미시라이시 모네
524,카미키 류노스케
525,카야 스코델라리오
526,칼라 구기노
527,캐리 앤 모스
528,캐서린 워터스턴
529,캐서린 제타-존스
530,커스틴 던스트
531,케리 러셀
532,케빈 베이컨
533,케빈 하트
534,케이트 보스워스
535,케이트 블란쳇
536,케이트 윈슬렛
537,콜린 파렐
538,콜린 퍼스
539,쿠니무라 준
540,크레이그 로빈슨
541,크레이그 T. 넬슨
542,크리스 에반스
543,크리스 파인
544,크리스 프랫
545,크리스 헴스워스
546,크리스찬 베일
547,크리스토프 왈츠
548,크리스틴 벨
549,크리스틴 스튜어트
550,크리스틴 위그
551,클락 게이블
552,키아누 리브스
553,키언 존슨
554,키이라 나이틀리
555,탁재훈
556,탈리타 베이트먼
557,탕웨이
558,태런 에저튼
559,테렌스 하워드
560,테일러 로트너
561,테일러 키취
562,토마스 생스터
563,토마스 크레취만
564,토미 리 존스
565,토비 맥과이어
566,톰 크루즈
567,톰 하디
568,톰 행크스
569,톰 홀랜드
570,톰 히들스턴
571,트레이 파커
572,틸다 스윈튼
573,판빙빙
574,팜케 얀센
575,패트릭 윌슨
576,페넬로페 크루즈
577,페이지 오하라
578,폴 러드
579,폴 워커
580,폴 지아마티
581,프란카 포텐테
582,프랑수아 클루제
583,프레드 세비지
584,프레디 하이모어
585,프리다 핀토
586,피어스 브로스넌
587,피에르 꼬팽
588,핀 화이트헤드
589,필리스 스미스
590,하비 케이틀
591,하비에르 바르뎀
592,하정우
593,하지원
594,한가인
595,한석규
596,한은정
597,한지민
598,한혜진
599,한효주
600,할리 베리
601,해리슨 포드
602,허준호
603,헤이든 크리스텐슨
604,헨리 카빌
605,헬레나 본햄 카터
606,현빈
607,홀리 헌터
608,홍종현
609,황정민
610,휴 그랜트
611,휴 잭맨
612,휴고 위빙
613,히스 레저
614,T.O.P